{
  "past_samples": 128,
  "future_samples": 32,
  "sample_rate": 1000,
  "ma_mean": 0.6633704304695129,
  "ma_std": 0.2622247040271759,
  "sd_mean": 0.18022094666957855,
  "sd_std": 0.09749286621809006,
  "thresholds": {
    "mean+3std": 4.424777572116749,
    "p95": 2.1389248371124268,
    "p99": 3.3927414417266846,
    "p99.5": 3.9223976135253906,
    "forced": 2.23
  },
  "device": "cpu",
  "hidden": 64,
  "epochs": 20
}